<?xml version="1.0" encoding="UTF-8"?>
<project-private xmlns="http://www.netbeans.org/ns/project-private/1">
    <editor-bookmarks xmlns="http://www.netbeans.org/ns/editor-bookmarks/2" lastBookmarkId="0"/>
    <open-files xmlns="http://www.netbeans.org/ns/projectui-open-files/2">
        <group>
            <file>file:/Users/Andres/Documents/Mis%20Archivos/Universidad/ULPGC/Asignaturas/4º/Segundo%20Semestre/AS/AS_Practica1/ProyectoAS/ProyectoAS-war/src/java/control/GetSupplieBillCommand.java</file>
            <file>file:/Users/Andres/Documents/Mis%20Archivos/Universidad/ULPGC/Asignaturas/4º/Segundo%20Semestre/AS/AS_Practica1/ProyectoAS/ProyectoAS-war/src/java/control/GetSupplyConsumptionCommand.java</file>
            <file>file:/Users/Andres/Documents/Mis%20Archivos/Universidad/ULPGC/Asignaturas/4º/Segundo%20Semestre/AS/AS_Practica1/ProyectoAS/ProyectoAS-war/src/java/control/UnknownCommand.java</file>
            <file>file:/Users/Andres/Documents/Mis%20Archivos/Universidad/ULPGC/Asignaturas/4º/Segundo%20Semestre/AS/AS_Practica1/ProyectoAS/ProyectoAS-war/src/java/control/GetSuppliesDetailCommand.java</file>
            <file>file:/Users/Andres/Documents/Mis%20Archivos/Universidad/ULPGC/Asignaturas/4º/Segundo%20Semestre/AS/AS_Practica1/ProyectoAS/ProyectoAS-war/src/java/control/LoginCommand.java</file>
            <file>file:/Users/Andres/Documents/Mis%20Archivos/Universidad/ULPGC/Asignaturas/4º/Segundo%20Semestre/AS/AS_Practica1/ProyectoAS/ProyectoAS-war/src/java/control/GetPotenciaDetailCommand.java</file>
        </group>
    </open-files>
</project-private>
